Libellé produit,Univers,Nature,extracted_dimension,extracted_colors
Lit gigogne lorena 1 personne tiroir lit fonctionnel 90 x 190 cm pin massif lasuré blanc,Chambre Literie,Lit adulte,90 * 190,"blanc, pin"
Tente de jardin pergola aluminium 3x4m condate beige toile rétractable et coulissante tonnelle abri de terrasse,Jardin Loisirs Sport,Pergola,3 * 400,beige
Matelas face hiver latex 78 kg m3 80x200 x 24 cm ferme + oreiller visco + alèse noyau poli lattex hr haute densité déhoussab,Chambre Literie,Matelas,80 * 200 * 24,
E com table basse oslo 60 x 60 cm béton,Canapé Salon Séjour,Table basse,60 * 60,
Cuisinière mixte électrique 66l bosch 60cm a hxr39ig20,Gros Electroménager,Cuisiniere,60,
Tapis rond en jute 90 cm,Enfant Bébé,Tapis enfant,90,
Filtre de socle en mousse pour seche linge whirlpool,Petit Electroménager,Pièces détachées,,
Robot multifonction,Petit Electroménager,Robot de cuisine,,
Trottinette électrique cecotec bongo serie a advance connected,Jardin Loisirs Sport,Trottinette,,
Papier peint wooden structure 50x1000,Décoration Textile,Papier peint,50 * 1000,
Commode beton 5 tiroirs blanc et décor béton,Canapé Salon Séjour,Buffet,,blanc
Tectake kit éclairage studio 3 lampes + softbox + trépieds,TV Son Multimédia,Photo studio,,
Miroir oval,Décoration Textile,Miroir,,
Oxford meuble tv decor noir et chene style industriel l 158 x p 40 x h 47 cm,Canapé Salon Séjour,Meuble tv,158 * 40 * 47,"chêne, noir"
Parure de lit percale sydney gris 260x240 cm,Décoration Textile,Housse de couette,260 * 240,gris
Multiprise rotative 3x16a rose pastel,Décoration Textile,Multiprise,,rose
Tableau toile de décoration murale motif carte du monde fond bleu 200x100cm dec110012 2,Décoration Textile,Toile et laminage,200 * 100,bleu
Coiffeuse blanche 137 5 x 90 x 38 cm hxlxp ,Chambre Literie,Coiffeuse,2 * 90 * 38,
Tapis de salon moderne shaggy svelto 120x170 cm,Décoration Textile,Tapis de Salon et Ch,120 * 170,
Bo te en métal chats de dubout 10 x 6 5 x 2 8 cm,Cuisine Salle de bain,Rangement sdb,2,
Alpexe graveur externe usb 3 0 cd dvd rw lecteur rom pour pc ordinateur portable de bureau mac,TV Son Multimédia,Graveur,,
Tapis de cuisine tablier camel 45x75cm,Décoration Textile,Tapis de cuisine,45 * 75,camel
Lit superposé eryk 190x90 avec matelas sommiers et tiroir en pin naturel+blanc,Enfant Bébé,Lit jeune,190 * 90,"naturel, blanc, pin"
Tapis fourrure ivoire oslo atmosphera,Décoration Textile,Tapis de Salon et Ch,,ivoire
Cross barre de traction 81 à 130 cm avec poignées,Jardin Loisirs Sport,Appareil musculation,,
Panasonic dmc fz300 garanti 2 ans,TV Son Multimédia,Appareil  photo,,
 maya salon de jardin encastrable 8 places en résine tressée noir avec coussins beiges + housse de protection couleur no,Cuisine Salle de bain,Ens table chaises,,"beige, noir"
Poubelle rectangulaire 10 litres touch bin brabantia,Cuisine Salle de bain,Poubelle sdb,,
Fauteuil de bureau pivotant gris en tissu poncé hauteur réglable,Bureau Rangement,Chaise de bureau,,gris
Canapé chesterfield 3 places regency argent,Canapé Salon Séjour,Canape droit,,argent
Plaid 70X100 cm,Décoration Textile,Plaid,70 * 100,
Four micro ondes samsung ms 23 k 3513 as,Gros Electroménager,Micro ondes,,
Cdaffaires drap plat 2 personnes 240 x 300 cm imprime 57 fils allover optic anthracite blan anthracite blanc,Décoration Textile,Drap plat,240 * 300,"anthracite, blanc"
Lot de 4 paniers,Cuisine Salle de bain,Panier,,
Chaise de bureau fauteuil de bureau lampa fauteuil de bureau réglable en hauteur 71 83 cm tissu gris,Bureau Rangement,Chaise de bureau,,gris
Poussette combinée 2 en 1 alba lorelli gris,Enfant Bébé,Poussette,,gris
Ensemble table à manger + 4 chaises en tissu bleu design ambre,Canapé Salon Séjour,Table,,bleu
Lampadaire trépied gypsy métal et pin atmosphera,Décoration Textile,Lampadaire,,pin
Good morning ennie housse de couette 100 coton 1 personne 140x200 220 cm + 1 taie bleu,Décoration Textile,Parure de lit,140 * 200,bleu
Tectake etagère à chaussures bois 2 niveaux,Bureau Rangement,Meuble à chaussures,,
Pichet 1 7 l quadro + bouchon blanc luminarc,Décoration Textile,Carafe,,blanc
Vidaxl cadre de lit noir tissu 180 x 200 cm,Chambre Literie,Cadre à lattes,180 * 200,noir
Rideau de douche décor anneaux verts,Cuisine Salle de bain,Rideau de douche,,vert
 tagère hwc b54 bois de sapin 4 étages,Cuisine Salle de bain,Rangement sdb,,
Ana s chaise design avec accoudoirs gris,Canapé Salon Séjour,Chaise,,gris
Matelas 180 x 200 cm mister sandman matelas 7 zones de confort hypoallergénique nuit incomparable matelas 2 fermetée ép,Chambre Literie,Matelas,180 * 200,
Buffet brillant noir spider illuminé led 107cm caisson blanc mat,Canapé Salon Séjour,Petit meuble séjour,107,"blanc, noir"
Chevet apothi 2 tiroirs blanc gris cérusé,Chambre Literie,Chevet,,"blanc, gris"
Tondeuse nez oreilles,Petit Electroménager,Autre soin personne,,
Le linnea canapé scandinave convertible 3 places bleu,Canapé Salon Séjour,Canape droit,,bleu
Bureau d angle carmen table avec meuble de rangement intégré et modulable 4 étagères 1 porte et 1 tiroir décor béton blanc,Bureau Rangement,Bureau,,blanc
Fauteuil de bureau ergonomique en similicuir noir avec repose pieds et accoudoirs bur10375,Bureau Rangement,Chaise de bureau,,noir
Lave vaisselle pose libre siemens 13 couverts 60cm a++ sn 236 i 02 ke,Gros Electroménager,Lave vaisselle,60,
Mitigeur d évier à 2 voies noir chromé robinet de cuisine rotatif 360 ,Cuisine Salle de bain,Robinet,,noir
4 pieds cylindriques bois clair 15 cm,Chambre Literie,Jeu de pied,15,
Icaverne accessoires pour hottes aspirantes famille filtres à charbon pour hotte de cuisine 2 pcs 175x30 mm,Gros Electroménager,Hotte,175 * 3,
Movit coussin d équilibre et d assise gonflable 33 cm couleur au choix couleur violet,Jardin Loisirs Sport,Accessoire fitness,33,violet
H koenig bty700 batterie rechargeable pour aspirateur h koenig up700,Petit Electroménager,Accessoire aspi,,
Pack pr t à dormir 140x190 matelas energy ressorts ensachés et mémoire de forme + sommier kit noir + couette + 2 oreillers,Chambre Literie,Matelas + sommier,140 * 190,noir
Tapis vintage inspiration orientale af vintor gris noir 80 x 150 cm,Décoration Textile,Tapis de Salon et Ch,80 * 150,"noir, gris"
Paire de rideaux aspect lin blanc dimensions 140x260cm,Décoration Textile,Rideau,140 * 260,blanc
Rosieres rgg663csw e cuisinière prodige 60cm 4g four gaz cn catalyse blanc,Gros Electroménager,Cuisiniere,60,blanc
Banquette clic clac unie avec housse grise 2 coussins cc10004,Canapé Salon Séjour,Canape droit,,gris
Parure 3 p 240 x 220 cm microfibre imprimee allover night flower,Décoration Textile,Housse de couette,240 * 220,
Réfrigérateur 1 porte 388 litres,Gros Electroménager,Refrigerateur,,
Le protège matelas anti acariens 140x190cm,Chambre Literie,Protege matelas,140 * 190,
Couette imprimée 220x240 cm 400 gr m district,Décoration Textile,Housse de couette,220 * 240,
Canapé convertible clic clac 3 places carla velours vert,Petit Electroménager,Friteuse,,vert
Meuble à chaussures hwc b52 3 étagères,Bureau Rangement,Meuble à chaussures,,
Fleurs artificielles,Décoration Textile,Fleurs artificielles,,
Canapé arrondi gatsby velours argent pieds or vert,Canapé Salon Séjour,Canape droit,,"argent, vert, or"
Peppa pig fusée parure de lit bébé housse de couette coton,Décoration Textile,Housse de couette,,
Armoire 2 portes chambre bébé teddy,Chambre Literie,Armoire,,
Tectake portant à v tements à roulettes 2 tringles 2 plateaux 84 x 170 x 42 cm,Bureau Rangement,Portant,84 * 170 * 42,
Sommier tapissier bultex vigoroso confort ferme 140x200,Chambre Literie,Sommier,140 * 200,
Transcend transcend jetflash 370,TV Son Multimédia,Cle usb,,
Matelas fixe 80 x 200 bultex inox 0820,Chambre Literie,Matelas,80 * 200,
Tapis design et moderne 160x230 cm rectangulaire fundonte ll multicolore salon adapté au chauffage par le sol,Décoration Textile,Tapis de Salon et Ch,160 * 230,"multicolore, multicolor"
2x tabouret de bar hwc d72 chaise bar comptoir avec dossier tissu velours gris,Canapé Salon Séjour,Tabouret,,gris
Vidaxl ensemble de bistro avec coussins 7 pcs bois massif d acacia,Cuisine Salle de bain,Ens table chaises,,
Rideau douche eva 12 anneaux turquoise,Cuisine Salle de bain,Rideau de douche,,turquoise
Meuble bas 3 tiroirs 60cm taupe,Cuisine Salle de bain,Meuble bas cuisine,60,taupe
Oceanic 2000 watts rubis radiateur electrique fixe a inertie fonte design galbe blanc,Petit Electroménager,Radiateur,,blanc
Sommier sommier maxi 3 90 x 190 cadre a lattes 3 zones de confort,Chambre Literie,Sommier,90 * 190,
Répéteur de wifi,TV Son Multimédia,Reseau sans fil,,
Eco desserte de cuisine avec roues l 80 décor chene et noir,Cuisine Salle de bain,Meuble bas cuisine,,"chêne, noir"
Cgv hel prelude casque sans fil musique tv,TV Son Multimédia,Casque sans fil,,
Matelas mémoire de forme 140x190 9 Zones différenciées Confort Superieur Réversible Hypoallergénique Epaisseur 25 cm ,Chambre Literie,Matelas,140 * 190,
Table de bar ronde style industriel en bois et métal noir ajustable,Canapé Salon Séjour,Bar,,noir
Vidaxl parasol de balcon avec m t en aluminium noir 300x150x253cm demi,Jardin Loisirs Sport,Parasol,300 * 150 * 253,noir
Lave vaisselle 60cm 13c 44db a++ tout intégrable sn658x03je,Gros Electroménager,Lave vaisselle,60,
Snoozing drap housse en flanelle flanelle 100 coton gratt eacute grande taille 160x200 cm gris,Décoration Textile,Drap housse,160 * 200,gris
Fauteuil de massage relaxation électrique chauffant dossier inclinable 145 max Repose pied beige,Canapé Salon Séjour,Fauteuil,,beige
Lit gigogne 90x190 cm avec 3 tiroirs en pin massif blanc chambery,Enfant Bébé,Lit jeune,90 * 190,"blanc, pin"
Table de salle à manger robuste nora ch ne sombre 140 x 90cm,Canapé Salon Séjour,Table,140 * 90,
Ensemble table à manger et 2 bancs rozy h tre et noir,Canapé Salon Séjour,Table,,noir
Lojt tabouret en métal style loft dimensions 76x31x31 cm tabouret haut industriel tabouret de bar + repose pieds noir,Canapé Salon Séjour,Tabouret,76 * 31 * 31,noir
Vidaxl cadre de lit avec led cappuccino similicuir 180x200 cm,Chambre Literie,Cadre à lattes,180 * 200,
Matelas privilege 140x200 cm collection hotellerie deluxe multicouches hr blue latex mousse mémoire de forme adaptative ergonom,Chambre Literie,Matelas,140 * 200,
Portant + 1 niche + 1 tiroir,Chambre Literie,Armoire,,
